ID,Error Code,Call Sites to Dropping Function,Validity,Dropping Function,Origin of Trace
2,*MPI_ERR_OTHER,src/mpi/coll/gather/gather_intra_binomial.c:278,VALID,MPIR_Type_contiguous_x_impl,./src/include/mpir_datatype.h:596
3,*MPI_ERR_OTHER,src/mpi/coll/igather/igather_intra_binomial.c:233,VALID,MPIR_Type_contiguous_x_impl,./src/include/mpir_datatype.h:596
4,*MPI_ERR_OTHER,src/mpi/datatype/dataloop/dataloop_create.c:263,VALID,MPIR_Type_convert_subarray,./src/include/mpir_datatype.h:596
5,*MPI_ERR_OTHER,src/mpid/ch3/channels/nemesis/src/ch3_win_fns.c:752,VALID,MPIDI_CH3I_SHM_Wins_append,./src/mpid/ch3/channels/nemesis/include/mpidi_ch3_impl.h:218
6,*MPI_ERR_OTHER,./src/mpid/ch3/include/mpid_rma_issue.h:586,VALID,init_accum_ext_pkt,./src/mpid/ch3/include/mpid_rma_issue.h:129
7,*MPI_ERR_OTHER,./src/mpid/ch3/include/mpid_rma_issue.h:806,VALID,init_get_accum_ext_pkt,./src/mpid/ch3/include/mpid_rma_issue.h:129
8,*MPI_ERR_OTHER,./src/mpid/ch3/include/mpid_rma_issue.h:812,VALID,init_get_accum_ext_pkt,./src/mpid/ch3/include/mpid_rma_issue.h:129
9,*MPI_ERR_ARG,adio/common/ad_darray.c:100,VALID,MPIOI_Type_block,adio/common/ad_darray.c:161
10,*MPI_ERR_ARG,adio/common/ad_darray.c:49,VALID,MPIOI_Type_block,adio/common/ad_darray.c:161
11,*MPI_ERR_ARG,adio/common/ad_darray.c:62,VALID,MPIOI_Type_block,adio/common/ad_darray.c:161
12,*MPI_ERR_ARG,adio/common/ad_darray.c:88,VALID,MPIOI_Type_block,adio/common/ad_darray.c:161
13,*MPI_ERR_ARG,adio/common/ad_darray.c:55,MAYBE,MPIOI_Type_cyclic,adio/common/ad_darray.c:224
14,*MPI_ERR_ARG,adio/common/ad_darray.c:93,MAYBE,MPIOI_Type_cyclic,adio/common/ad_darray.c:224
15,*MPI_ERR_OTHER,adio/common/ad_open.c:313,VALID,ADIOI_cb_bcast_rank_map,adio/common/cb_config_list.c:78
16,*MPI_ERR_UNKNOWN,adio/ad_nfs/ad_nfs_fcntl.c:17,VALID,ADIOI_Set_lock,adio/common/lock.c:233
17,*MPI_ERR_UNKNOWN,adio/ad_nfs/ad_nfs_fcntl.c:25,VALID,ADIOI_Set_lock,adio/common/lock.c:233
18,*MPI_ERR_UNKNOWN,adio/ad_nfs/ad_nfs_getsh.c:35,VALID,ADIOI_Set_lock,adio/common/lock.c:233
19,*MPI_ERR_UNKNOWN,adio/ad_nfs/ad_nfs_getsh.c:47,VALID,ADIOI_Set_lock,adio/common/lock.c:233
20,*MPI_ERR_UNKNOWN,adio/ad_nfs/ad_nfs_getsh.c:66,VALID,ADIOI_Set_lock,adio/common/lock.c:233
21,*MPI_ERR_UNKNOWN,adio/ad_nfs/ad_nfs_getsh.c:98,VALID,ADIOI_Set_lock,adio/common/lock.c:233
22,*MPI_ERR_UNKNOWN,adio/ad_nfs/ad_nfs_iwrite.c:115,VALID,ADIOI_Set_lock,adio/common/lock.c:233
23,*MPI_ERR_UNKNOWN,adio/ad_nfs/ad_nfs_iwrite.c:97,SUBMITTED,ADIOI_Set_lock,adio/common/lock.c:233
24,*MPI_ERR_UNKNOWN,adio/ad_nfs/ad_nfs_iwrite.c:99,SUBMITTED,ADIOI_Set_lock,adio/common/lock.c:233
25,*MPI_ERR_UNKNOWN,adio/ad_nfs/ad_nfs_read.c:221,SUBMITTED,ADIOI_Set_lock,adio/common/lock.c:233
26,*MPI_ERR_UNKNOWN,adio/ad_nfs/ad_nfs_read.c:231,SUBMITTED,ADIOI_Set_lock,adio/common/lock.c:233
27,*MPI_ERR_UNKNOWN,adio/ad_nfs/ad_nfs_read.c:240,SUBMITTED,ADIOI_Set_lock,adio/common/lock.c:233
28,*MPI_ERR_UNKNOWN,adio/ad_nfs/ad_nfs_read.c:249,SUBMITTED,ADIOI_Set_lock,adio/common/lock.c:233
29,*MPI_ERR_UNKNOWN,adio/ad_nfs/ad_nfs_read.c:253,SUBMITTED,ADIOI_Set_lock,adio/common/lock.c:233
30,*MPI_ERR_UNKNOWN,adio/ad_nfs/ad_nfs_read.c:381,SUBMITTED,ADIOI_Set_lock,adio/common/lock.c:233
31,*MPI_ERR_UNKNOWN,adio/ad_nfs/ad_nfs_read.c:39,SUBMITTED,ADIOI_Set_lock,adio/common/lock.c:233
32,*MPI_ERR_UNKNOWN,adio/ad_nfs/ad_nfs_read.c:396,SUBMITTED,ADIOI_Set_lock,adio/common/lock.c:233
33,*MPI_ERR_UNKNOWN,adio/ad_nfs/ad_nfs_read.c:405,SUBMITTED,ADIOI_Set_lock,adio/common/lock.c:233
34,*MPI_ERR_UNKNOWN,adio/ad_nfs/ad_nfs_read.c:41,SUBMITTED,ADIOI_Set_lock,adio/common/lock.c:233
35,*MPI_ERR_UNKNOWN,adio/ad_nfs/ad_nfs_read.c:430,SUBMITTED,ADIOI_Set_lock,adio/common/lock.c:233
36,*MPI_ERR_UNKNOWN,adio/ad_nfs/ad_nfs_read.c:472,SUBMITTED,ADIOI_Set_lock,adio/common/lock.c:233
37,*MPI_ERR_UNKNOWN,adio/ad_nfs/ad_nfs_read.c:515,SUBMITTED,ADIOI_Set_lock,adio/common/lock.c:233
38,*MPI_ERR_UNKNOWN,adio/ad_nfs/ad_nfs_read.c:405,SUBMITTED,ADIOI_Set_lock,adio/common/lock.c:233
39,*MPI_ERR_UNKNOWN,adio/ad_nfs/ad_nfs_setsh.c:50,VALID,ADIOI_Set_lock,adio/common/lock.c:233
40,*MPI_ERR_UNKNOWN,adio/ad_nfs/ad_nfs_setsh.c:65,VALID,ADIOI_Set_lock,adio/common/lock.c:233
41,*MPI_ERR_UNKNOWN,adio/ad_nfs/ad_nfs_write.c:323,VALID,ADIOI_Set_lock,adio/common/lock.c:233
42,*MPI_ERR_UNKNOWN,adio/ad_nfs/ad_nfs_write.c:330,VALID,ADIOI_Set_lock,adio/common/lock.c:233
43,*MPI_ERR_UNKNOWN,adio/ad_nfs/ad_nfs_write.c:342,VALID,ADIOI_Set_lock,adio/common/lock.c:233
44,*MPI_ERR_UNKNOWN,adio/ad_nfs/ad_nfs_write.c:351,VALID,ADIOI_Set_lock,adio/common/lock.c:233
45,*MPI_ERR_UNKNOWN,adio/ad_nfs/ad_nfs_write.c:356,VALID,ADIOI_Set_lock,adio/common/lock.c:233
46,*MPI_ERR_UNKNOWN,adio/ad_nfs/ad_nfs_write.c:42,VALID,ADIOI_Set_lock,adio/common/lock.c:233
47,*MPI_ERR_UNKNOWN,adio/ad_nfs/ad_nfs_write.c:486,VALID,ADIOI_Set_lock,adio/common/lock.c:233
48,*MPI_ERR_UNKNOWN,adio/ad_nfs/ad_nfs_write.c:494,VALID,ADIOI_Set_lock,adio/common/lock.c:233
49,*MPI_ERR_UNKNOWN,adio/ad_nfs/ad_nfs_write.c:539,VALID,ADIOI_Set_lock,adio/common/lock.c:233
50,*MPI_ERR_UNKNOWN,adio/ad_nfs/ad_nfs_write.c:57,VALID,ADIOI_Set_lock,adio/common/lock.c:233
51,*MPI_ERR_UNKNOWN,adio/ad_nfs/ad_nfs_write.c:581,VALID,ADIOI_Set_lock,adio/common/lock.c:233
52,*MPI_ERR_UNKNOWN,adio/ad_nfs/ad_nfs_write.c:634,VALID,ADIOI_Set_lock,adio/common/lock.c:233
53,*MPI_ERR_UNKNOWN,adio/ad_nfs/ad_nfs_write.c:644,VALID,ADIOI_Set_lock,adio/common/lock.c:233
54,*MPI_ERR_UNKNOWN,adio/ad_nfs/ad_nfs_write.c:646,VALID,ADIOI_Set_lock,adio/common/lock.c:233
55,*MPI_ERR_UNKNOWN,adio/ad_nfs/ad_nfs_iwrite.c:97,VALID,ADIOI_Set_lock,adio/common/lock.c:233
56,*MPI_ERR_UNKNOWN,adio/common/ad_get_sh_fp.c:55,VALID,ADIOI_Set_lock,adio/common/lock.c:233
57,*MPI_ERR_UNKNOWN,adio/common/ad_get_sh_fp.c:59,VALID,ADIOI_Set_lock,adio/common/lock.c:233
58,*MPI_ERR_UNKNOWN,adio/common/ad_get_sh_fp.c:73,VALID,ADIOI_Set_lock,adio/common/lock.c:233
59,*MPI_ERR_UNKNOWN,adio/common/ad_read_str_naive.c:212,VALID,ADIOI_Set_lock,adio/common/lock.c:233
60,*MPI_ERR_UNKNOWN,adio/common/ad_read_str_naive.c:348,VALID,ADIOI_Set_lock,adio/common/lock.c:233
61,*MPI_ERR_UNKNOWN,adio/common/ad_read_str_naive.c:69,VALID,ADIOI_Set_lock,adio/common/lock.c:233
62,*MPI_ERR_UNKNOWN,adio/common/ad_read_str_naive.c:98,VALID,ADIOI_Set_lock,adio/common/lock.c:233
63,*MPI_ERR_UNKNOWN,adio/common/ad_read_str.c:126,VALID,ADIOI_Set_lock,adio/common/lock.c:233
64,*MPI_ERR_UNKNOWN,adio/common/ad_read_str.c:143,VALID,ADIOI_Set_lock,adio/common/lock.c:233
65,*MPI_ERR_UNKNOWN,adio/common/ad_read_str.c:263,VALID,ADIOI_Set_lock,adio/common/lock.c:233
66,*MPI_ERR_UNKNOWN,adio/common/ad_read_str.c:376,VALID,ADIOI_Set_lock,adio/common/lock.c:233
67,*MPI_ERR_UNKNOWN,adio/common/ad_set_sh_fp.c:40,VALID,ADIOI_Set_lock,adio/common/lock.c:233
68,*MPI_ERR_UNKNOWN,adio/common/ad_set_sh_fp.c:43,VALID,ADIOI_Set_lock,adio/common/lock.c:233
69,*MPI_ERR_UNKNOWN,adio/common/ad_write_str_naive.c:212,VALID,ADIOI_Set_lock,adio/common/lock.c:233
70,*MPI_ERR_UNKNOWN,adio/common/ad_write_str_naive.c:345,VALID,ADIOI_Set_lock,adio/common/lock.c:233
71,*MPI_ERR_UNKNOWN,adio/common/ad_write_str_naive.c:72,VALID,ADIOI_Set_lock,adio/common/lock.c:233
72,*MPI_ERR_UNKNOWN,adio/common/ad_write_str_naive.c:99,VALID,ADIOI_Set_lock,adio/common/lock.c:233
73,*MPI_ERR_UNKNOWN,adio/common/ad_write_str.c:191,VALID,ADIOI_Set_lock,adio/common/lock.c:233
74,*MPI_ERR_UNKNOWN,adio/common/ad_write_str.c:207,VALID,ADIOI_Set_lock,adio/common/lock.c:233
75,*MPI_ERR_UNKNOWN,adio/common/ad_write_str.c:334,VALID,ADIOI_Set_lock,adio/common/lock.c:233
76,*MPI_ERR_UNKNOWN,adio/common/ad_write_str.c:361,VALID,ADIOI_Set_lock,adio/common/lock.c:233
77,*MPI_ERR_UNKNOWN,adio/common/ad_write_str.c:403,VALID,ADIOI_Set_lock,adio/common/lock.c:233
78,*MPI_ERR_UNKNOWN,adio/common/ad_write_str.c:452,VALID,ADIOI_Set_lock,adio/common/lock.c:233
79,*MPI_ERR_UNKNOWN,adio/common/ad_write_str.c:457,VALID,ADIOI_Set_lock,adio/common/lock.c:233
80,*MPI_ERR_UNKNOWN,mpi-io/iread_sh.c:104,VALID,ADIOI_Set_lock,adio/common/lock.c:233
81,*MPI_ERR_UNKNOWN,mpi-io/iread_sh.c:111,VALID,ADIOI_Set_lock,adio/common/lock.c:233
82,*MPI_ERR_UNKNOWN,mpi-io/iread.c:133,VALID,ADIOI_Set_lock,adio/common/lock.c:233
83,*MPI_ERR_UNKNOWN,mpi-io/iread.c:140,VALID,ADIOI_Set_lock,adio/common/lock.c:233
84,*MPI_ERR_UNKNOWN,mpi-io/iwrite_sh.c:102,VALID,ADIOI_Set_lock,adio/common/lock.c:233
85,*MPI_ERR_UNKNOWN,mpi-io/iwrite_sh.c:108,VALID,ADIOI_Set_lock,adio/common/lock.c:233
86,*MPI_ERR_UNKNOWN,mpi-io/iwrite.c:135,VALID,ADIOI_Set_lock,adio/common/lock.c:233
87,*MPI_ERR_UNKNOWN,mpi-io/iwrite.c:142,VALID,ADIOI_Set_lock,adio/common/lock.c:233
88,*MPI_ERR_UNKNOWN,mpi-io/read_sh.c:123,VALID,ADIOI_Set_lock,adio/common/lock.c:233
89,*MPI_ERR_UNKNOWN,mpi-io/read_sh.c:129,VALID,ADIOI_Set_lock,adio/common/lock.c:233
90,*MPI_ERR_UNKNOWN,mpi-io/read.c:144,VALID,ADIOI_Set_lock,adio/common/lock.c:233
91,*MPI_ERR_UNKNOWN,mpi-io/read.c:150,VALID,ADIOI_Set_lock,adio/common/lock.c:233
92,*MPI_ERR_UNKNOWN,mpi-io/write_sh.c:123,VALID,ADIOI_Set_lock,adio/common/lock.c:233
93,*MPI_ERR_UNKNOWN,mpi-io/write_sh.c:129,VALID,ADIOI_Set_lock,adio/common/lock.c:233
94,*MPI_ERR_UNKNOWN,mpi-io/write.c:148,VALID,ADIOI_Set_lock,adio/common/lock.c:233
95,*MPI_ERR_UNKNOWN,mpi-io/write.c:154,VALID,ADIOI_Set_lock,adio/common/lock.c:233
96,*MPI_ERR_FILE,src/mpi/errhan/file_set_errhandler.c:123,MAYBE,MPIR_ROMIO_Set_file_errhand,mpi-io/mpich_fileutil.c:29
97,*MPI_ERR_FILE,src/mpi/errhan/file_call_errhandler.c:71,MAYBE,MPIR_ROMIO_Get_file_errhand,mpi-io/mpich_fileutil.c:48
98,*MPI_ERR_FILE,src/mpi/errhan/file_get_errhandler.c:83,MAYBE,MPIR_ROMIO_Get_file_errhand,mpi-io/mpich_fileutil.c:48
99,*MPI_ERR_FILE,src/mpi/errhan/file_set_errhandler.c:105,MAYBE,MPIR_ROMIO_Get_file_errhand,mpi-io/mpich_fileutil.c:48
100,*MPI_ERR_OTHER,src/mpi/coll/igather/igather_tsp_tree_algos.h:90,VALID,MPII_Treealgo_tree_create,src/mpi/coll/algorithms/treealgo/treeutil.c:161
101,*MPI_ERR_OTHER,src/mpi/coll/iscatter/iscatter_tsp_tree_algos.h:92,VALID,MPII_Treealgo_tree_create,src/mpi/coll/algorithms/treealgo/treeutil.c:161
102,*MPI_ERR_COUNT MPI_ERR_INTERN MPI_ERR_OTHER,src/mpi/comm/comm_shrink.c:66,VALID,MPID_Comm_get_all_failed_procs,src/mpi/coll/helper_fns.c:190
103,*MPI_ERR_COUNT MPI_ERR_INTERN MPI_ERR_OTHER,src/mpi/coll/transports/gentran/gentran_utils.c:62,VALID,MPIC_Isend,src/mpi/coll/helper_fns.c:502
104,*MPI_ERR_COUNT MPI_ERR_INTERN MPI_ERR_OTHER,src/mpi/coll/transports/gentran/gentran_utils.c:93,VALID,MPIC_Isend,src/mpi/coll/helper_fns.c:502
105,*MPI_ERR_COUNT MPI_ERR_INTERN MPI_ERR_OTHER,src/mpi/coll/transports/gentran/gentran_utils.c:77,VALID,MPIC_Irecv,src/mpi/coll/helper_fns.c:588
106,*MPI_ERR_OTHER,src/mpid/ch3/src/ch3u_port.c:576,VALID,MPIR_Coll_comm_init,src/mpi/coll/src/coll_impl.c:988
107,*MPI_ERR_OTHER,src/mpi/comm/comm_split_type.c:1050,VALID,MPIR_Comm_split_type_nbhd_common_dir,src/mpi/comm/comm_split_type.c:1008
108,*MPI_ERR_OTHER,src/mpi/comm/comm_create.c:166,VALID,MPIR_Comm_map_irregular,src/mpi/comm/commutil.c:247
109,*MPI_ERR_OTHER,src/mpi/comm/comm_create.c:169,VALID,MPIR_Comm_map_irregular,src/mpi/comm/commutil.c:247
110,*MPI_ERR_OTHER,src/mpi/comm/comm_split.c:328,VALID,MPIR_Comm_map_irregular,src/mpi/comm/commutil.c:247
111,*MPI_ERR_OTHER,src/mpi/comm/comm_split.c:352,VALID,MPIR_Comm_map_irregular,src/mpi/comm/commutil.c:247
112,*MPI_ERR_OTHER,src/mpi/comm/comm_split.c:368,VALID,MPIR_Comm_map_irregular,src/mpi/comm/commutil.c:247
113,*MPI_ERR_OTHER,src/mpi/comm/commutil.c:426,VALID,MPIR_Comm_map_irregular,src/mpi/comm/commutil.c:247
114,*MPI_ERR_OTHER,src/mpi/comm/commutil.c:463,VALID,MPIR_Comm_map_irregular,src/mpi/comm/commutil.c:247
115,*MPI_ERR_OTHER,src/mpi/comm/commutil.c:612,VALID,MPIR_Comm_map_irregular,src/mpi/comm/commutil.c:247
116,*MPI_ERR_OTHER,src/mpi/comm/commutil.c:615,VALID,MPIR_Comm_map_irregular,src/mpi/comm/commutil.c:247
117,*MPI_ERR_OTHER,src/mpi/comm/commutil.c:201,VALID,MPIR_Comm_map_dup,src/mpi/comm/commutil.c:282
118,*MPI_ERR_OTHER,src/mpi/comm/commutil.c:605,VALID,MPIR_Comm_map_dup,src/mpi/comm/commutil.c:282
119,*MPI_ERR_OTHER,src/mpi/comm/commutil.c:607,VALID,MPIR_Comm_map_dup,src/mpi/comm/commutil.c:282
120,*MPI_ERR_OTHER,src/mpi/comm/commutil.c:626,VALID,MPIR_Comm_map_dup,src/mpi/comm/commutil.c:282
121,*MPI_ERR_OTHER,src/mpi/comm/commutil.c:705,VALID,MPIR_Comm_map_dup,src/mpi/comm/commutil.c:282
122,*MPI_ERR_OTHER,src/mpi/comm/commutil.c:707,VALID,MPIR_Comm_map_dup,src/mpi/comm/commutil.c:282
123,*MPI_ERR_OTHER,src/mpi/comm/commutil.c:711,VALID,MPIR_Comm_map_dup,src/mpi/comm/commutil.c:282
124,*MPI_ERR_OTHER,src/mpi/comm/intercomm_create.c:135,VALID,MPIR_Comm_map_dup,src/mpi/comm/commutil.c:282
125,*MPI_ERR_OTHER,src/mpi/comm/intercomm_merge.c:48,VALID,MPIR_Comm_map_dup,src/mpi/comm/commutil.c:282
126,*MPI_ERR_OTHER,src/mpi/comm/intercomm_merge.c:50,VALID,MPIR_Comm_map_dup,src/mpi/comm/commutil.c:282
127,*MPI_ERR_OTHER,src/mpi/comm/intercomm_merge.c:56,VALID,MPIR_Comm_map_dup,src/mpi/comm/commutil.c:282
128,*MPI_ERR_OTHER,src/mpi/comm/intercomm_merge.c:61,VALID,MPIR_Comm_map_dup,src/mpi/comm/commutil.c:282
129,*MPI_ERR_INTERN MPI_ERR_OTHER,src/mpi/datatype/dataloop/dataloop_create.c:275,VALID,MPIR_Type_convert_darray,src/mpi/datatype/dataloop/darray_support.c:195
130,*MPI_ERR_OTHER,src/mpid/ch3/src/mpid_init.c:123,INVALID,MPIR_Datatype_init,src/mpi/datatype/type_create_pairtype.c:107
131,*MPI_ERR_INTERN MPI_ERR_OTHER,src/mpi/datatype/type_set_name.c:103,VALID,MPIR_Datatype_init_names,src/mpi/datatype/typeutil.c:271
132,*MPI_ERR_ARG MPI_ERR_OTHER,adio/common/ad_end.c:18,VALID,PMPI_File_set_errhandler,src/mpi/errhan/file_set_errhandler.c:92
133,*MPI_ERR_OTHER,src/mpi/comm/comm_agree.c:44,VALID,MPIR_Comm_group_impl,src/mpi/group/grouputil.c:85
134,*MPI_ERR_OTHER,src/mpi/comm/comm_shrink.c:61,VALID,MPIR_Comm_group_impl,src/mpi/group/grouputil.c:85
135,*MPI_ERR_OTHER,src/mpid/ch3/src/mpid_comm_failure_ack.c:61,VALID,MPIR_Comm_group_impl,src/mpi/group/grouputil.c:85
136,*MPI_ERR_OTHER,src/mpid/ch3/src/mpid_comm_get_all_failed_procs.c:63,VALID,MPIR_Comm_group_impl,src/mpi/group/grouputil.c:85
137,*MPI_ERR_OTHER,src/mpid/ch3/src/mpid_comm_get_all_failed_procs.c:75,VALID,MPIR_Group_incl_impl,src/mpi/group/grouputil.c:85
138,*MPI_ERR_OTHER,src/mpid/ch3/src/mpid_comm_failure_ack.c:64,VALID,MPIR_Group_intersection_impl,src/mpi/group/grouputil.c:85
139,*MPI_ERR_INFO_VALUE,src/mpi/comm/comm_split_type.c:1037,VALID,MPIR_Info_get_impl,src/mpi/info/info_get.c:57
140,*MPI_ERR_INFO_VALUE,src/mpi/comm/comm_split_type.c:1054,VALID,MPIR_Info_get_impl,src/mpi/info/info_get.c:57
141,*MPI_ERR_INFO_VALUE,src/mpi/comm/comm_split_type.c:862,VALID,MPIR_Info_get_impl,src/mpi/info/info_get.c:57
142,*MPI_ERR_INFO_VALUE,src/mpid/ch3/src/ch3u_comm_spawn_multiple.c:66,VALID,MPIR_Info_get_impl,src/mpi/info/info_get.c:57
143,*MPI_ERR_INFO_VALUE,src/mpid/ch3/src/ch3u_port.c:645,VALID,MPIR_Info_get_impl,src/mpi/info/info_get.c:57
144,*MPI_ERR_INFO_VALUE,src/mpid/ch3/src/ch3u_win_fns.c:330,VALID,MPIR_Info_get_impl,src/mpi/info/info_get.c:57
145,*MPI_ERR_INFO_VALUE,src/mpid/ch3/src/ch3u_win_fns.c:342,VALID,MPIR_Info_get_impl,src/mpi/info/info_get.c:57
146,*MPI_ERR_INFO_VALUE,src/mpid/ch3/src/ch3u_win_fns.c:357,VALID,MPIR_Info_get_impl,src/mpi/info/info_get.c:57
147,*MPI_ERR_INFO_VALUE,src/mpid/ch3/src/ch3u_win_fns.c:370,VALID,MPIR_Info_get_impl,src/mpi/info/info_get.c:57
148,*MPI_ERR_INFO_VALUE,src/mpid/ch3/src/ch3u_win_fns.c:403,VALID,MPIR_Info_get_impl,src/mpi/info/info_get.c:57
149,*MPI_ERR_INFO_VALUE,src/mpid/ch3/src/ch3u_win_fns.c:415,VALID,MPIR_Info_get_impl,src/mpi/info/info_get.c:57
150,*MPI_ERR_INFO_VALUE,src/mpid/ch3/src/ch3u_win_fns.c:427,VALID,MPIR_Info_get_impl,src/mpi/info/info_get.c:57
151,*MPI_ERR_INFO,adio/common/system_hints.c:169,MAYBE,PMPI_Info_get_nkeys,src/mpi/info/info_getn.c:104
152,*MPI_ERR_INFO,adio/common/system_hints.c:183,MAYBE,PMPI_Info_get_nkeys,src/mpi/info/info_getn.c:104
153,*MPI_ERR_INFO,adio/common/system_hints.c:47,MAYBE,PMPI_Info_get_nkeys,src/mpi/info/info_getn.c:104
154,*MPI_ERR_OTHER,src/mpi/info/info_set.c:108,VALID,MPIR_Info_set_impl,src/mpi/info/infoutil.c:65
155,*MPI_ERR_OTHER,src/mpid/ch3/src/ch3u_win_fns.c:490,VALID,MPIR_Info_set_impl,src/mpi/info/infoutil.c:65
156,*MPI_ERR_ARG,mpi-io/mpir-mpioinit.c:28,INVALID,PMPI_Initialized,src/mpi/init/initialized.c:59
157,*MPI_ERR_TRUNCATE MPI_ERR_COUNT MPI_ERR_INTERN MPI_ERR_TYPE MPI_ERR_OTHER,src/mpid/ch3/src/mpid_vc.c:823,VALID,MPID_PG_BCast,src/mpi/misc/utils.c:45
158,*MPI_ERR_TRUNCATE MPI_ERR_COUNT MPI_ERR_INTERN MPI_ERR_TYPE MPI_ERR_OTHER,src/mpi/comm/comm_agree.c:82,VALID,MPII_Allreduce_group,src/mpi/misc/utils.c:45
159,*MPI_ERR_TRUNCATE MPI_ERR_INTERN MPI_ERR_TYPE MPI_ERR_OTHER,src/mpi/coll/iallreduce/iallreduce_tsp_recexch_algos.h:177,VALID,MPIR_Localcopy,src/mpi/misc/utils.c:45
160,*MPI_ERR_TRUNCATE MPI_ERR_INTERN MPI_ERR_TYPE MPI_ERR_OTHER,src/mpi/coll/iallreduce/iallreduce_tsp_recexch_algos.h:181,VALID,MPIR_Localcopy,src/mpi/misc/utils.c:45
161,*MPI_ERR_TRUNCATE MPI_ERR_INTERN MPI_ERR_TYPE MPI_ERR_OTHER,src/mpi/coll/iallreduce/iallreduce_tsp_recexch_algos.h:210,VALID,MPIR_Localcopy,src/mpi/misc/utils.c:45
162,*MPI_ERR_TRUNCATE MPI_ERR_INTERN MPI_ERR_TYPE MPI_ERR_OTHER,src/mpi/coll/iallreduce/iallreduce_tsp_recexch_algos.h:319,VALID,MPIR_Localcopy,src/mpi/misc/utils.c:45
163,*MPI_ERR_TRUNCATE MPI_ERR_INTERN MPI_ERR_TYPE MPI_ERR_OTHER,src/mpi/coll/iallreduce/iallreduce_tsp_recexch_algos.h:328,VALID,MPIR_Localcopy,src/mpi/misc/utils.c:45
164,*MPI_ERR_TRUNCATE MPI_ERR_INTERN MPI_ERR_TYPE MPI_ERR_OTHER,src/mpi/coll/iallreduce/iallreduce_tsp_tree_algos.h:117,VALID,MPIR_Localcopy,src/mpi/misc/utils.c:45
165,*MPI_ERR_TRUNCATE MPI_ERR_INTERN MPI_ERR_TYPE MPI_ERR_OTHER,src/mpi/coll/ireduce/ireduce_tsp_tree_algos.h:128,VALID,MPIR_Localcopy,src/mpi/misc/utils.c:45
166,*MPI_ERR_TRUNCATE MPI_ERR_INTERN MPI_ERR_TYPE MPI_ERR_OTHER,src/mpi/coll/ireduce/ireduce_tsp_tree_algos.h:132,VALID,MPIR_Localcopy,src/mpi/misc/utils.c:45
167,*MPI_ERR_TRUNCATE MPI_ERR_INTERN MPI_ERR_TYPE MPI_ERR_OTHER,src/mpi/coll/ireduce/ireduce_tsp_tree_algos.h:136,VALID,MPIR_Localcopy,src/mpi/misc/utils.c:45
168,*MPI_ERR_TRUNCATE MPI_ERR_INTERN MPI_ERR_TYPE MPI_ERR_OTHER,src/mpi/coll/ireduce/ireduce_tsp_tree_algos.h:140,VALID,MPIR_Localcopy,src/mpi/misc/utils.c:45
169,*MPI_ERR_TRUNCATE MPI_ERR_INTERN MPI_ERR_TYPE MPI_ERR_OTHER,src/mpi/coll/transports/gentran/gentran_utils.c:124,VALID,MPIR_Localcopy,src/mpi/misc/utils.c:45
170,*MPI_ERR_TRUNCATE MPI_ERR_COUNT MPI_ERR_IN_STATUS MPI_ERR_ARG MPI_ERR_INTERN MPI_ERR_TYPE MPI_ERR_REQUEST MPI_ERR_OTHER,src/mpi/coll/reduce_scatter/reduce_scatter.c:242,VALID,MPIR_Reduce_scatter_inter_remote_reduce_local_scatter,src/mpi/misc/utils.c:45
171,*MPI_ERR_OTHER,adio/ad_nfs/ad_nfs_iwrite.c:136,VALID,PMPIX_Grequest_class_allocate,src/mpi/request/greq_start.c:89
172,*MPI_ERR_OTHER,adio/common/ad_iread_coll.c:234,VALID,PMPIX_Grequest_class_allocate,src/mpi/request/greq_start.c:89
173,*MPI_ERR_OTHER,adio/common/ad_iwrite_coll.c:257,VALID,PMPIX_Grequest_class_allocate,src/mpi/request/greq_start.c:89
174,*MPI_ERR_OTHER,adio/common/ad_iwrite.c:190,VALID,PMPIX_Grequest_class_allocate,src/mpi/request/greq_start.c:89
175,*MPI_ERR_INTERN MPI_ERR_OTHER,src/mpi/pt2pt/bsendutil.c:312,VALID,MPIR_Bsend_check_active,src/mpi/request/mpir_request.c:473
176,*MPI_ERR_INTERN MPI_ERR_OTHER,src/mpi/request/testall.c:214,VALID,MPIR_Request_completion_processing,src/mpi/request/mpir_request.c:473
177,*MPI_ERR_OTHER,src/mpi/topo/dims_create.c:512,VALID,optbalance,src/mpi/topo/dims_create.c:438
178,*MPI_ERR_OTHER,src/mpi/topo/dims_create.c:806,VALID,optbalance,src/mpi/topo/dims_create.c:438
179,*MPI_ERR_OTHER,src/mpid/ch3/channels/nemesis/netmod/tcp/socksm.c:1751,VALID,alloc_sc_plfd_tbls,src/mpid/ch3/channels/nemesis/netmod/tcp/socksm.c:232
180,*MPI_ERR_OTHER,src/mpid/ch3/channels/nemesis/netmod/tcp/socksm.c:1931,VALID,MPID_nem_tcp_set_sockopts,src/mpid/ch3/channels/nemesis/netmod/tcp/tcp_utility.c:78
181,*MPI_ERR_OTHER,src/mpid/ch3/src/mpid_init.c:232,VALID,MPIDI_CH3_Win_pkt_orderings_init,src/mpid/ch3/channels/nemesis/src/ch3_win_fns.c:94
182,*MPI_ERR_OTHER,src/mpid/ch3/src/mpid_vc.c:870,VALID,MPIDI_CH3_VC_Init,src/mpid/ch3/channels/nemesis/src/mpid_nem_init.c:596
183,*MPI_ERR_OTHER,src/mpid/ch3/src/ch3u_port.c:1523,VALID,MPIDI_CH3_VC_Destroy,src/mpid/ch3/channels/nemesis/src/mpid_nem_init.c:638
184,*MPI_ERR_OTHER,src/mpid/ch3/src/ch3u_handle_connection.c:180,VALID,MPIDI_PG_Destroy,src/mpid/ch3/channels/nemesis/src/mpid_nem_init.c:638
185,*MPI_ERR_OTHER,src/mpid/ch3/src/mpid_vc.c:185,VALID,MPIDI_PG_Destroy,src/mpid/ch3/channels/nemesis/src/mpid_nem_init.c:638
186,*MPI_ERR_OTHER,src/mpid/ch3/src/mpid_vc.c:202,VALID,MPIDI_PG_Destroy,src/mpid/ch3/channels/nemesis/src/mpid_nem_init.c:638
187,*MPI_ERR_OTHER,src/mpid/ch3/src/mpidi_pg.c:126,VALID,MPIDI_PG_Destroy,src/mpid/ch3/channels/nemesis/src/mpid_nem_init.c:638
188,*MPI_ERR_OTHER,src/mpid/ch3/src/mpidi_pg.c:137,VALID,MPIDI_PG_Destroy,src/mpid/ch3/channels/nemesis/src/mpid_nem_init.c:638
189,*MPI_ERR_OTHER,src/mpi/coll/allgather/allgather_inter_local_gather_remote_bcast.c:56,CONFIRMED,MPII_Setup_intercomm_localcomm,src/mpid/ch3/src/ch3u_comm.c:305
190,*MPI_ERR_OTHER,src/mpi/coll/allreduce/allreduce_inter_reduce_exchange_bcast.c:47,CONFIRMED,MPII_Setup_intercomm_localcomm,src/mpid/ch3/src/ch3u_comm.c:305
191,*MPI_ERR_OTHER,src/mpi/coll/bcast/bcast_inter_remote_send_local_bcast.c:69,VALID,MPII_Setup_intercomm_localcomm,src/mpid/ch3/src/ch3u_comm.c:305
192,*MPI_ERR_OTHER,src/mpi/coll/iallgather/iallgather_inter_local_gather_remote_bcast.c:53,CONFIRMED,MPII_Setup_intercomm_localcomm,src/mpid/ch3/src/ch3u_comm.c:305
193,*MPI_ERR_OTHER,src/mpi/coll/iscatter/iscatter_inter_remote_send_local_scatter.c:79,CONFIRMED,MPII_Setup_intercomm_localcomm,src/mpid/ch3/src/ch3u_comm.c:305
194,*MPI_ERR_OTHER,src/mpi/coll/reduce_scatter_block/reduce_scatter_block_inter_remote_reduce_local_scatter.c:113,CONFIRMED,MPII_Setup_intercomm_localcomm,src/mpid/ch3/src/ch3u_comm.c:305
195,*MPI_ERR_OTHER,src/mpi/coll/scatter/scatter_inter_remote_send_local_scatter.c:93,CONFIRMED,MPII_Setup_intercomm_localcomm,src/mpid/ch3/src/ch3u_comm.c:305
196,*MPI_ERR_OTHER,src/mpi/comm/comm_create.c:306,CONFIRMED,MPII_Setup_intercomm_localcomm,src/mpid/ch3/src/ch3u_comm.c:305
197,*MPI_ERR_OTHER,src/mpi/comm/comm_split.c:157,CONFIRMED,MPII_Setup_intercomm_localcomm,src/mpid/ch3/src/ch3u_comm.c:305
198,*MPI_ERR_OTHER,src/mpi/comm/intercomm_merge.c:303,CONFIRMED,MPII_Setup_intercomm_localcomm,src/mpid/ch3/src/ch3u_comm.c:305
199,*MPI_ERR_OTHER,src/mpi/comm/comm_split_type.c:107,MAYBE,MPIR_Comm_free_impl,src/mpid/ch3/src/ch3u_comm.c:333
200,*MPI_ERR_OTHER,src/mpi/comm/comm_split_type.c:68,MAYBE,MPIR_Comm_free_impl,src/mpid/ch3/src/ch3u_comm.c:333
201,*MPI_ERR_OTHER,src/mpi/comm/comm_split_type.c:903,MAYBE,MPIR_Comm_free_impl,src/mpid/ch3/src/ch3u_comm.c:333
202,*MPI_ERR_OTHER,src/mpi/comm/comm_split_type.c:987,MAYBE,MPIR_Comm_free_impl,src/mpid/ch3/src/ch3u_comm.c:333
203,*MPI_ERR_OTHER,src/mpid/ch3/channels/nemesis/src/ch3_init.c:60,MAYBE,MPIR_Comm_free_impl,src/mpid/ch3/src/ch3u_comm.c:333
204,*MPI_ERR_OTHER,./src/include/mpir_request.h:354,VALID,MPIR_Comm_release,src/mpid/ch3/src/ch3u_comm.c:333
205,*MPI_ERR_OTHER,src/mpi/comm/comm_shrink.c:83,VALID,MPIR_Comm_release,src/mpid/ch3/src/ch3u_comm.c:333
206,*MPI_ERR_OTHER,src/mpi/comm/comm_shrink.c:93,VALID,MPIR_Comm_release,src/mpid/ch3/src/ch3u_comm.c:333
207,*MPI_ERR_OTHER,src/mpi/comm/commutil.c:800,VALID,MPIR_Comm_release,src/mpid/ch3/src/ch3u_comm.c:333
208,*MPI_ERR_OTHER,src/mpi/comm/commutil.c:810,VALID,MPIR_Comm_release,src/mpid/ch3/src/ch3u_comm.c:333
209,*MPI_ERR_OTHER,src/mpi/comm/commutil.c:812,VALID,MPIR_Comm_release,src/mpid/ch3/src/ch3u_comm.c:333
210,*MPI_ERR_OTHER,src/mpid/ch3/src/ch3u_port.c:1391,VALID,MPIR_Comm_release,src/mpid/ch3/src/ch3u_comm.c:333
211,*MPI_ERR_OTHER,src/mpid/ch3/src/ch3u_port.c:793,VALID,MPIR_Comm_release,src/mpid/ch3/src/ch3u_comm.c:333
212,*MPI_ERR_OTHER,src/mpid/ch3/src/mpid_comm_revoke.c:78,VALID,MPIR_Comm_release,src/mpid/ch3/src/ch3u_comm.c:333
213,*MPI_ERR_OTHER,src/mpid/ch3/src/mpid_comm_revoke.c:97,VALID,MPIR_Comm_release,src/mpid/ch3/src/ch3u_comm.c:333
214,*MPI_ERR_OTHER,src/mpid/common/sched/mpidu_sched.c:928,VALID,MPIR_Comm_release,src/mpid/ch3/src/ch3u_comm.c:333
215,*MPI_ERR_OTHER,src/mpid/common/sched/mpidu_sched.c:950,VALID,MPIR_Comm_release,src/mpid/ch3/src/ch3u_comm.c:333
216,*MPI_ERR_INTERN MPI_ERR_OTHER,src/mpid/ch3/src/ch3u_port.c:1404,VALID,FreeNewVC,src/mpid/ch3/src/ch3u_handle_connection.c:150
217,*MPI_ERR_INTERN MPI_ERR_OTHER,src/mpid/ch3/src/ch3u_port.c:804,VALID,FreeNewVC,src/mpid/ch3/src/ch3u_handle_connection.c:150
218,*MPI_ERR_INTERN MPI_ERR_OTHER,src/mpi/pt2pt/sendrecv.c:202,VALID,MPID_Cancel_send,src/mpid/ch3/src/ch3u_handle_connection.c:150
219,*MPI_ERR_INTERN MPI_ERR_OTHER,src/mpid/ch3/channels/nemesis/netmod/tcp/socksm.c:1228,VALID,MPID_nem_tcp_conn_est,src/mpid/ch3/src/ch3u_handle_connection.c:150
220,*MPI_ERR_INTERN MPI_ERR_OTHER,src/mpid/ch3/channels/nemesis/netmod/tcp/socksm.c:1292,VALID,MPID_nem_tcp_conn_est,src/mpid/ch3/src/ch3u_handle_connection.c:150
221,*MPI_ERR_INTERN MPI_ERR_OTHER,src/mpid/ch3/channels/nemesis/netmod/tcp/socksm.c:1454,VALID,MPID_nem_tcp_conn_est,src/mpid/ch3/src/ch3u_handle_connection.c:150
222,*MPI_ERR_INTERN MPI_ERR_OTHER,src/mpid/ch3/channels/nemesis/netmod/tcp/socksm.c:1496,VALID,MPID_nem_tcp_conn_est,src/mpid/ch3/src/ch3u_handle_connection.c:150
223,*MPI_ERR_INTERN MPI_ERR_OTHER,src/mpid/ch3/channels/nemesis/netmod/tcp/socksm.c:681,VALID,MPIDI_CH3I_Acceptq_enqueue,src/mpid/ch3/src/ch3u_handle_connection.c:150
224,*MPI_ERR_INTERN MPI_ERR_OTHER,src/mpid/ch3/src/ch3u_port.c:1722,VALID,MPIDI_CH3I_Port_connreq_free,src/mpid/ch3/src/ch3u_handle_connection.c:150
225,*MPI_ERR_INTERN MPI_ERR_OTHER,src/mpi/request/request_free.c:109,VALID,MPIDI_CH3I_Progress,src/mpid/ch3/src/ch3u_handle_connection.c:150
226,*MPI_ERR_INTERN MPI_ERR_OTHER,src/mpid/ch3/src/mpid_comm_get_all_failed_procs.c:102,VALID,MPIDI_CH3I_Progress,src/mpid/ch3/src/ch3u_handle_connection.c:150
227,*MPI_ERR_INTERN MPI_ERR_OTHER,src/mpid/ch3/src/mpid_comm_failure_ack.c:25,VALID,MPIDI_CH3U_Check_for_failed_procs,src/mpid/ch3/src/ch3u_handle_connection.c:150
228,*MPI_ERR_INTERN MPI_ERR_OTHER,src/mpid/ch3/src/mpid_comm_failure_ack.c:54,VALID,MPIDI_CH3U_Check_for_failed_procs,src/mpid/ch3/src/ch3u_handle_connection.c:150
229,*MPI_ERR_INTERN MPI_ERR_OTHER,src/mpid/ch3/src/mpid_comm_get_all_failed_procs.c:105,VALID,MPIDI_CH3U_Check_for_failed_procs,src/mpid/ch3/src/ch3u_handle_connection.c:150
230,*MPI_ERR_INTERN MPI_ERR_OTHER,src/mpid/ch3/src/mpid_vc.c:195,VALID,MPIDI_CH3U_VC_SendClose,src/mpid/ch3/src/ch3u_handle_connection.c:150
231,*MPI_ERR_INTERN MPI_ERR_OTHER,src/mpi/pt2pt/bsendutil.c:645,VALID,MPIR_Bsend_detach,src/mpid/ch3/src/ch3u_handle_connection.c:150
232,*MPI_ERR_INTERN MPI_ERR_OTHER,src/mpid/ch3/src/ch3u_handle_connection.c:556,VALID,MPIDI_CH3U_Get_failed_group,src/mpid/ch3/src/ch3u_handle_connection.c:482
233,*MPI_ERR_INTERN MPI_ERR_OTHER,src/mpid/ch3/src/mpid_comm_failure_ack.c:55,MAYBE,MPIDI_CH3U_Get_failed_group,src/mpid/ch3/src/ch3u_handle_connection.c:482
234,*MPI_ERR_INTERN,src/mpid/ch3/src/ch3u_handle_recv_pkt.c:76,MAYBE,MPIDI_CH3_PktHandler_Init,src/mpid/ch3/src/ch3u_handle_recv_pkt.c:537
235,*MPI_ERR_OTHER,src/mpid/ch3/src/ch3u_handle_recv_req.c:574,MAYBE,create_derived_datatype,src/mpid/ch3/src/ch3u_handle_recv_req.c:1092
236,*MPI_ERR_OTHER,src/mpid/ch3/src/ch3u_handle_recv_req.c:642,MAYBE,create_derived_datatype,src/mpid/ch3/src/ch3u_handle_recv_req.c:1092
237,*MPI_ERR_OTHER,src/mpid/ch3/src/ch3u_handle_recv_req.c:763,MAYBE,create_derived_datatype,src/mpid/ch3/src/ch3u_handle_recv_req.c:1092
238,*MPI_ERR_OTHER,src/mpid/ch3/src/ch3u_handle_recv_req.c:878,MAYBE,create_derived_datatype,src/mpid/ch3/src/ch3u_handle_recv_req.c:1092
239,*MPI_ERR_OTHER,./src/mpid/ch3/include/mpidrma.h:760,VALID,check_and_set_req_completion,src/mpid/ch3/src/ch3u_request.c:578
240,*MPI_ERR_OTHER,src/mpi/request/mpir_request.c:191,MAYBE,MPID_Cancel_recv,src/mpid/ch3/src/ch3u_request.c:578
241,*MPI_ERR_OTHER,src/mpi/coll/transports/gentran/gentran_utils.c:250,VALID,MPID_Request_complete,src/mpid/ch3/src/ch3u_request.c:578
242,*MPI_ERR_OTHER,src/mpi/coll/transports/gentran/tsp_gentran.c:344,VALID,MPID_Request_complete,src/mpid/ch3/src/ch3u_request.c:578
243,*MPI_ERR_OTHER,src/mpi/request/greq_complete.c:41,VALID,MPID_Request_complete,src/mpid/ch3/src/ch3u_request.c:578
244,*MPI_ERR_OTHER,src/mpid/ch3/channels/nemesis/src/ch3_isend.c:30,VALID,MPID_Request_complete,src/mpid/ch3/src/ch3u_request.c:578
245,*MPI_ERR_OTHER,src/mpid/ch3/channels/nemesis/src/ch3_isendv.c:35,VALID,MPID_Request_complete,src/mpid/ch3/src/ch3u_request.c:578
246,*MPI_ERR_OTHER,src/mpid/ch3/channels/nemesis/src/mpid_nem_lmt_shm.c:831,VALID,MPID_Request_complete,src/mpid/ch3/src/ch3u_request.c:578
247,*MPI_ERR_OTHER,src/mpid/ch3/channels/nemesis/src/mpid_nem_lmt_shm.c:843,VALID,MPID_Request_complete,src/mpid/ch3/src/ch3u_request.c:578
248,*MPI_ERR_OTHER,src/mpid/ch3/channels/nemesis/src/mpid_nem_lmt_shm.c:855,VALID,MPID_Request_complete,src/mpid/ch3/src/ch3u_request.c:578
249,*MPI_ERR_OTHER,src/mpid/ch3/src/ch3u_recvq.c:631,VALID,MPID_Request_complete,src/mpid/ch3/src/ch3u_request.c:578
250,*MPI_ERR_OTHER,src/mpid/ch3/src/ch3u_recvq.c:895,VALID,MPID_Request_complete,src/mpid/ch3/src/ch3u_request.c:578
251,*MPI_ERR_OTHER,src/mpid/ch3/src/ch3u_comm.c:157,VALID,MPIDI_VCRT_Create,src/mpid/ch3/src/mpid_vc.c:77
252,*MPI_ERR_OTHER,src/mpid/ch3/src/mpid_vc.c:696,VALID,MPIDI_VCRT_Create,src/mpid/ch3/src/mpid_vc.c:77
253,*MPI_ERR_OTHER,src/mpid/ch3/src/ch3u_port.c:1123,VALID,MPIDI_PG_Create_from_string,src/mpid/ch3/src/mpidi_pg.c:188
254,*MPI_ERR_INTERN MPI_ERR_OTHER,src/mpid/ch3/src/ch3u_port.c:1075,VALID,ExtractLocalPGInfo,src/mpid/ch3/src/mpidi_pg.c:456
255,*MPI_ERR_OTHER,src/mpi/coll/ibcast/ibcast_tsp_scatter_recexch_allgather_algos.h:89,VALID,MPII_Gentran_Iallgather_sched_intra_recexch,src/mpid/common/sched/mpidu_sched.c:134
256,*MPI_ERR_OTHER,src/mpi/coll/ibcast/ibcast_tsp_scatter_recexch_allgather_algos.h:80,VALID,MPII_Gentran_Iscatter_sched_intra_tree,src/mpid/common/sched/mpidu_sched.c:134
257,*MPI_ERR_OTHER,src/mpi/coll/ibcast/ibcast_tsp_scatter_recexch_allgather_algos.h:83,VALID,MPII_Gentran_Iscatter_sched_intra_tree,src/mpid/common/sched/mpidu_sched.c:134
258,*MPI_ERR_OTHER,src/mpi_t/mpit_initthread.c:51,VALID,MPIR_T_cvar_init,src/util/cvar/mpir_cvars.c:1515
,,,,68,