ID,Error Code,Call Sites to Dropping Function,Validity,Origin site,Present in MPICH?
2,*MPI_ERR_IN_STATUS,adio/common/ad_hints.c:242,FP,src/mpi/errhan/errutil.c:961,Yes
3,*MPI_ERR_IN_STATUS,adio/common/ad_hints.c:226,FP,src/mpi/errhan/errutil.c:961,Yes
4,*MPI_ERR_IN_STATUS,adio/common/ad_hints.c:145,FP,src/mpi/errhan/errutil.c:961,Yes
5,*MPI_ERR_IN_STATUS,adio/common/ad_hints.c:185,FP,src/mpi/errhan/errutil.c:961,Yes
6,*MPI_ERR_IN_STATUS,adio/common/ad_hints.c:224,FP,src/mpi/errhan/errutil.c:961,Yes
7,*MPI_ERR_IN_STATUS,adio/common/ad_hints.c:151,FP,src/mpi/errhan/errutil.c:961,Yes
8,*MPI_ERR_IN_STATUS,adio/common/ad_hints.c:247,FP,src/mpi/errhan/errutil.c:961,Yes
9,*MPI_ERR_IN_STATUS,adio/common/ad_hints.c:212,FP,src/mpi/errhan/errutil.c:961,Yes
10,*MPI_ERR_IN_STATUS,adio/common/ad_hints.c:140,FP,src/mpi/errhan/errutil.c:961,Yes
11,*MPI_ERR_IN_STATUS,src/mpid/ch3/channels/common/src/cm/cm.c:1975,VALID,src/mpi/errhan/errutil.c:961,No
12,*MPI_ERR_IN_STATUS,adio/common/ad_hints.c:189,FP,src/mpi/errhan/errutil.c:961,Yes
13,*MPI_ERR_IN_STATUS,adio/common/ad_hints.c:205,FP,src/mpi/errhan/errutil.c:961,Yes
14,*MPI_ERR_IN_STATUS,adio/common/ad_hints.c:203,FP,src/mpi/errhan/errutil.c:961,Yes
15,*MPI_ERR_IN_STATUS,adio/common/ad_hints.c:178,FP,src/mpi/errhan/errutil.c:961,Yes
16,*MPI_ERR_IN_STATUS,adio/common/ad_hints.c:168,FP,src/mpi/errhan/errutil.c:961,Yes
17,*MPI_ERR_IN_STATUS,adio/common/ad_hints.c:154,FP,src/mpi/errhan/errutil.c:961,Yes
18,*MPI_ERR_IN_STATUS,adio/common/ad_hints.c:160,FP,src/mpi/errhan/errutil.c:961,Yes
19,*MPI_ERR_IN_STATUS,adio/common/system_hints.c:150,VALID,src/mpi/errhan/errutil.c:961,Yes
20,*MPI_ERR_IN_STATUS,adio/common/ad_hints.c:238,FP,src/mpi/errhan/errutil.c:961,Yes